<?xml version="1.0" encoding="UTF-8" standalone="no"?>
<scene depth="1" desc="" eventsnippetid="7" extheight="544" extwidth="704" extx="-32" exty="-32" format="4.0.1" gravx="-0.0" gravy="85.0" height="480" id="0" name="uhh" revision="" savecount="0" tiled="1" tileh="32" tilew="32" type="standard" width="640">
    <layers>
        <color-bg blue="255" green="255" red="204"/>
        <layer blendMode="normal" color="100,168,234" id="0" locked="false" name="Layer 0" opacity="100" order="0" scrollFactorX="1.0" scrollFactorY="1.0" visible="true"/>
    </layers>
    <joints/>
    <regions/>
    <terrainRegions/>
    <actors>
        <actor a="0.0" aid="1" c="false" group="0" id="3" name="Noni 1" order="0" sx="1.0" sy="1.0" x="130" y="125" z="0"/>
        <actor a="0.0" aid="2" c="false" group="4" id="5" name="Clown 2" order="1" sx="1.0" sy="1.0" x="373" y="223" z="0"/>
        <actor a="0.0" aid="3" c="false" group="4" id="5" name="Clown 3" order="2" sx="1.0" sy="1.0" x="420" y="113" z="0"/>
        <actor a="0.0" aid="4" c="false" group="4" id="5" name="Clown 4" order="3" sx="1.0" sy="1.0" x="507" y="85" z="0"/>
        <actor a="0.0" aid="5" c="false" group="4" id="5" name="Clown 5" order="4" sx="1.0" sy="1.0" x="445" y="-33" z="0"/>
    </actors>
    <snippets/>
    <terrain>
        <p pts="27,544.0,32.0,512.0,32.0,480.0,64.0,480.0,96.0,448.0,64.0,416.0,96.0,416.0,128.0,352.0,128.0,352.0,32.0,320.0,0.0,288.0,32.0,288.0,128.0,192.0,128.0,192.0,96.0,160.0,64.0,128.0,96.0,128.0,64.0,96.0,32.0,64.0,64.0,64.0,128.0,0.0,128.0,0.0,320.0,640.0,320.0,640.0,96.0,608.0,64.0,576.0,96.0,576.0,64.0" x="0.0" y="160.0"/>
        <p pts="4,96.0,32.0,96.0,0.0,0.0,0.0,0.0,32.0" x="192.0" y="96.0"/>
        <p pts="4,64.0,32.0,64.0,0.0,0.0,0.0,0.0,32.0" x="32.0" y="128.0"/>
        <p pts="4,0.0,0.0,0.0,32.0,96.0,32.0,96.0,0.0" x="384.0" y="32.0"/>
    </terrain>
    <atlases members="0,1,2,3," retainAtlases="false"/>
</scene>
